#Version RTG Tools 3.12.1 / Core 1581c65779 (2021-05-20), ROC output 1.2
#CL vcfeval --baseline truth.vcf.gz --calls HG002.pass.vcf.gz --template reference.sdf --evaluation-regions evaluation.bed --output comparison --sample HG002 --sample-ploidy 2 --vcf-score-field QUAL --roc-subset snp,indel --threads 4
#selection: INDEL (baseline rescaled)
#total baseline variants: 234
#total call variants: 247
#score field: QUAL
#score	true_positives_baseline	false_positives	true_positives_call	false_negatives	precision	sensitivity	f_measure
2175.030	1.00	0.00	1.00	233.00	1.0000	0.0043	0.0085
1876.030	2.00	0.00	2.00	232.00	1.0000	0.0086	0.0170
1826.030	3.01	0.00	3.00	230.99	1.0000	0.0128	0.0254
1754.030	4.01	0.00	4.00	229.99	1.0000	0.0171	0.0337
1736.030	5.01	0.00	5.00	228.99	1.0000	0.0214	0.0419
1650.030	6.01	0.00	6.00	227.99	1.0000	0.0257	0.0501
1648.030	7.02	0.00	7.00	226.98	1.0000	0.0300	0.0582
1638.030	8.02	0.00	8.00	225.98	1.0000	0.0343	0.0663
1593.030	9.02	0.00	9.00	224.98	1.0000	0.0385	0.0742
1466.030	10.02	0.00	10.00	223.98	1.0000	0.0428	0.0821
1461.030	11.02	0.00	11.00	222.98	1.0000	0.0471	0.0900
1421.030	12.03	0.00	12.00	221.97	1.0000	0.0514	0.0978
1405.030	13.03	0.00	13.00	220.97	1.0000	0.0557	0.1055
1379.030	14.03	0.00	14.00	219.97	1.0000	0.0600	0.1131
1373.030	15.03	0.00	15.00	218.97	1.0000	0.0642	0.1207
1363.030	16.04	0.00	16.00	217.96	1.0000	0.0685	0.1283
1347.030	17.04	0.00	17.00	216.96	1.0000	0.0728	0.1357
1342.030	18.04	0.00	18.00	215.96	1.0000	0.0771	0.1432
1334.030	19.04	0.00	19.00	214.96	1.0000	0.0814	0.1505
1329.030	20.04	0.00	20.00	213.96	1.0000	0.0857	0.1578
1308.030	21.05	0.00	21.00	212.95	1.0000	0.0899	0.1650
1276.030	22.05	0.00	22.00	211.95	1.0000	0.0942	0.1722
1271.030	23.05	0.00	23.00	210.95	1.0000	0.0985	0.1793
1270.030	24.05	0.00	24.00	209.95	1.0000	0.1028	0.1864
1238.030	25.06	0.00	25.00	208.94	1.0000	0.1071	0.1934
1236.030	26.06	0.00	26.00	207.94	1.0000	0.1114	0.2004
1232.030	27.06	0.00	27.00	206.94	1.0000	0.1156	0.2073
1231.030	28.06	0.00	28.00	205.94	1.0000	0.1199	0.2142
1201.030	29.06	0.00	29.00	204.94	1.0000	0.1242	0.2210
1159.020	30.07	0.00	31.00	203.93	1.0000	0.1285	0.2277
1155.030	31.07	0.00	32.00	202.93	1.0000	0.1328	0.2344
1152.030	32.07	0.00	33.00	201.93	1.0000	0.1371	0.2411
1126.020	33.07	0.00	35.00	200.93	1.0000	0.1413	0.2477
1119.030	34.08	0.00	36.00	199.92	1.0000	0.1456	0.2542
1115.060	34.58	0.00	37.00	199.42	1.0000	0.1478	0.2575
1108.030	35.58	0.00	38.00	198.42	1.0000	0.1520	0.2640
1105.030	36.58	0.00	39.00	197.42	1.0000	0.1563	0.2704
1104.030	37.58	0.00	40.00	196.42	1.0000	0.1606	0.2768
1091.030	38.59	0.00	41.00	195.41	1.0000	0.1649	0.2831
1086.030	39.59	0.00	42.00	194.41	1.0000	0.1692	0.2894
1076.030	40.59	0.00	43.00	193.41	1.0000	0.1735	0.2956
1066.020	41.59	0.00	44.00	192.41	1.0000	0.1777	0.3018
1063.030	42.59	0.00	45.00	191.41	1.0000	0.1820	0.3080
1060.030	43.60	0.00	46.00	190.40	1.0000	0.1863	0.3141
1056.030	45.60	0.00	48.00	188.40	1.0000	0.1949	0.3262
1055.030	46.60	0.00	49.00	187.40	1.0000	0.1992	0.3322
1045.030	47.61	0.00	50.00	186.39	1.0000	0.2034	0.3381
1043.600	48.61	0.00	51.00	185.39	1.0000	0.2077	0.3440
1034.030	49.61	0.00	52.00	184.39	1.0000	0.2120	0.3498
1030.030	50.61	0.00	53.00	183.39	1.0000	0.2163	0.3557
1014.030	51.61	0.00	54.00	182.39	1.0000	0.2206	0.3614
1013.030	52.62	0.00	55.00	181.38	1.0000	0.2249	0.3672
996.030	53.62	0.00	56.00	180.38	1.0000	0.2291	0.3728
990.030	54.62	0.00	57.00	179.38	1.0000	0.2334	0.3785
985.030	55.62	0.00	58.00	178.38	1.0000	0.2377	0.3841
981.030	56.63	0.00	59.00	177.37	1.0000	0.2420	0.3897
979.030	57.63	0.00	60.00	176.37	1.0000	0.2463	0.3952
964.030	58.63	0.00	61.00	175.37	1.0000	0.2506	0.4007
960.030	59.63	0.00	62.00	174.37	1.0000	0.2548	0.4062
949.020	60.63	0.00	64.00	173.37	1.0000	0.2591	0.4116
943.030	61.64	0.00	65.00	172.36	1.0000	0.2634	0.4170
934.600	62.64	0.00	66.00	171.36	1.0000	0.2677	0.4223
927.020	63.64	0.00	68.00	170.36	1.0000	0.2720	0.4276
923.030	64.64	0.00	69.00	169.36	1.0000	0.2763	0.4329
906.600	65.65	0.00	70.00	168.35	1.0000	0.2805	0.4382
874.030	66.65	0.00	71.00	167.35	1.0000	0.2848	0.4434
848.020	66.65	2.00	71.00	167.35	0.9726	0.2848	0.4406
845.020	67.65	2.00	72.00	166.35	0.9730	0.2891	0.4458
842.020	67.65	4.00	72.00	166.35	0.9474	0.2891	0.4430
841.600	68.65	4.00	73.00	165.35	0.9481	0.2934	0.4481
826.600	69.65	4.00	74.00	164.35	0.9487	0.2977	0.4532
817.030	70.66	4.00	75.00	163.34	0.9494	0.3020	0.4582
811.030	71.66	4.00	76.00	162.34	0.9500	0.3062	0.4632
810.020	72.66	4.00	78.00	161.34	0.9512	0.3105	0.4682
809.030	73.66	4.00	79.00	160.34	0.9518	0.3148	0.4731
799.020	74.67	4.00	81.00	159.33	0.9529	0.3191	0.4781
795.020	74.67	6.00	81.00	159.33	0.9310	0.3191	0.4753
794.600	75.67	6.00	82.00	158.33	0.9318	0.3234	0.4801
793.600	77.67	6.00	84.00	156.33	0.9333	0.3319	0.4897
788.030	78.67	6.00	85.00	155.33	0.9341	0.3362	0.4945
787.030	79.68	6.00	86.00	154.32	0.9348	0.3405	0.4992
786.020	79.68	8.00	86.00	154.32	0.9149	0.3405	0.4963
782.030	80.68	8.00	87.00	153.32	0.9158	0.3448	0.5010
781.030	81.68	8.00	88.00	152.32	0.9167	0.3491	0.5056
779.600	82.68	8.00	89.00	151.32	0.9175	0.3533	0.5102
779.030	83.69	8.00	90.00	150.31	0.9184	0.3576	0.5148
771.030	84.69	8.00	91.00	149.31	0.9192	0.3619	0.5193
762.030	85.69	8.00	92.00	148.31	0.9200	0.3662	0.5239
755.600	86.69	8.00	93.00	147.31	0.9208	0.3705	0.5284
755.020	87.69	8.00	95.00	146.31	0.9223	0.3748	0.5330
746.600	88.70	8.00	96.00	145.30	0.9231	0.3790	0.5374
734.030	89.70	8.00	97.00	144.30	0.9238	0.3833	0.5418
724.600	90.70	8.00	98.00	143.30	0.9245	0.3876	0.5462
718.030	91.70	8.00	99.00	142.30	0.9252	0.3919	0.5506
710.600	92.71	8.00	100.00	141.29	0.9259	0.3962	0.5549
709.030	93.71	8.00	101.00	140.29	0.9266	0.4005	0.5592
707.020	94.71	8.00	102.00	139.29	0.9273	0.4047	0.5635
706.600	95.71	8.00	103.00	138.29	0.9279	0.4090	0.5678
697.030	96.71	8.00	104.00	137.29	0.9286	0.4133	0.5720
688.600	97.72	8.00	105.00	136.28	0.9292	0.4176	0.5762
688.020	98.72	8.00	107.00	135.28	0.9304	0.4219	0.5805
684.030	99.72	8.00	108.00	134.28	0.9310	0.4262	0.5847
679.030	100.72	8.00	109.00	133.28	0.9316	0.4304	0.5888
676.600	101.73	8.00	110.00	132.27	0.9322	0.4347	0.5929
676.030	102.73	8.00	111.00	131.27	0.9328	0.4390	0.5970
670.600	103.73	8.00	112.00	130.27	0.9333	0.4433	0.6011
662.600	104.73	8.00	113.00	129.27	0.9339	0.4476	0.6051
653.600	105.73	8.00	114.00	128.27	0.9344	0.4519	0.6091
652.600	106.74	8.00	115.00	127.26	0.9350	0.4561	0.6131
651.030	107.74	8.00	116.00	126.26	0.9355	0.4604	0.6171
649.600	108.74	8.00	117.00	125.26	0.9360	0.4647	0.6211
646.600	109.74	8.00	118.00	124.26	0.9365	0.4690	0.6250
645.600	110.75	8.00	119.00	123.25	0.9370	0.4733	0.6289
640.600	111.75	8.00	120.00	122.25	0.9375	0.4776	0.6328
636.600	112.75	8.00	121.00	121.25	0.9380	0.4818	0.6366
634.030	113.75	8.00	122.00	120.25	0.9385	0.4861	0.6405
633.600	114.75	8.00	123.00	119.25	0.9389	0.4904	0.6443
621.600	115.76	8.00	124.00	118.24	0.9394	0.4947	0.6481
615.600	116.76	8.00	125.00	117.24	0.9398	0.4990	0.6519
611.600	117.76	8.00	126.00	116.24	0.9403	0.5033	0.6556
603.600	118.76	8.00	127.00	115.24	0.9407	0.5075	0.6593
598.600	119.76	8.00	128.00	114.24	0.9412	0.5118	0.6631
585.020	120.77	8.00	130.00	113.23	0.9420	0.5161	0.6669
584.030	121.77	8.00	131.00	112.23	0.9424	0.5204	0.6705
583.030	122.77	8.00	132.00	111.23	0.9429	0.5247	0.6742
574.030	123.77	8.00	133.00	110.23	0.9433	0.5289	0.6778
568.600	124.78	8.00	134.00	109.22	0.9437	0.5332	0.6814
564.600	125.78	8.00	135.00	108.22	0.9441	0.5375	0.6850
562.600	126.78	8.00	136.00	107.22	0.9444	0.5418	0.6886
547.600	127.78	8.00	137.00	106.22	0.9448	0.5461	0.6921
545.600	128.78	8.00	138.00	105.22	0.9452	0.5504	0.6957
544.600	129.79	8.00	139.00	104.21	0.9456	0.5546	0.6992
543.600	130.79	8.00	140.00	103.21	0.9459	0.5589	0.7027
541.600	132.79	8.00	142.00	101.21	0.9467	0.5675	0.7096
538.600	134.80	8.00	144.00	99.20	0.9474	0.5761	0.7165
535.600	136.80	8.00	146.00	97.20	0.9481	0.5846	0.7233
534.040	137.80	8.00	147.00	96.20	0.9484	0.5889	0.7266
532.600	138.81	8.00	148.00	95.19	0.9487	0.5932	0.7300
529.600	139.81	8.00	149.00	94.19	0.9490	0.5975	0.7333
526.020	140.81	8.00	150.00	93.19	0.9494	0.6018	0.7366
515.600	141.81	8.00	151.00	92.19	0.9497	0.6060	0.7399
513.600	142.82	8.00	152.00	91.18	0.9500	0.6103	0.7432
501.600	143.82	8.00	153.00	90.18	0.9503	0.6146	0.7465
499.030	144.82	8.00	154.00	89.18	0.9506	0.6189	0.7497
497.600	145.82	8.00	155.00	88.18	0.9509	0.6232	0.7529
497.010	145.82	9.00	155.00	88.18	0.9451	0.6232	0.7511
492.600	146.82	9.00	156.00	87.18	0.9455	0.6275	0.7543
486.600	147.83	9.00	157.00	86.17	0.9458	0.6317	0.7575
478.600	148.83	9.00	158.00	85.17	0.9461	0.6360	0.7607
472.030	149.83	9.00	159.00	84.17	0.9464	0.6403	0.7638
470.600	151.84	9.00	161.00	82.16	0.9471	0.6489	0.7701
469.020	152.84	9.00	163.00	81.16	0.9477	0.6532	0.7733
464.600	153.84	9.00	164.00	80.16	0.9480	0.6574	0.7764
458.600	154.84	9.00	165.00	79.16	0.9483	0.6617	0.7795
453.600	155.84	9.00	166.00	78.16	0.9486	0.6660	0.7826
447.600	156.85	9.00	167.00	77.15	0.9489	0.6703	0.7856
437.600	157.85	9.00	168.00	76.15	0.9492	0.6746	0.7886
436.010	158.85	9.00	169.00	75.15	0.9494	0.6789	0.7917
418.600	159.85	9.00	170.00	74.15	0.9497	0.6831	0.7947
416.600	160.86	9.00	171.00	73.14	0.9500	0.6874	0.7977
413.600	161.86	9.00	172.00	72.14	0.9503	0.6917	0.8006
412.600	162.86	9.00	173.00	71.14	0.9505	0.6960	0.8036
411.600	163.86	9.00	174.00	70.14	0.9508	0.7003	0.8065
403.600	164.86	9.00	175.00	69.14	0.9511	0.7046	0.8095
401.600	165.87	9.00	176.00	68.13	0.9514	0.7088	0.8124
400.600	166.87	9.00	177.00	67.13	0.9516	0.7131	0.8153
399.600	168.87	9.00	179.00	65.13	0.9521	0.7217	0.8210
397.600	170.88	9.00	181.00	63.12	0.9526	0.7302	0.8267
395.600	171.88	9.00	182.00	62.12	0.9529	0.7345	0.8296
392.600	172.88	9.00	183.00	61.12	0.9531	0.7388	0.8324
391.600	173.88	9.00	184.00	60.12	0.9534	0.7431	0.8352
387.600	174.89	9.00	185.00	59.11	0.9536	0.7474	0.8380
386.600	175.89	9.00	186.00	58.11	0.9538	0.7517	0.8408
385.600	176.89	9.00	187.00	57.11	0.9541	0.7559	0.8435
384.600	178.90	9.00	189.00	55.10	0.9545	0.7645	0.8490
379.600	179.90	9.00	190.00	54.10	0.9548	0.7688	0.8518
374.600	180.90	9.00	191.00	53.10	0.9550	0.7731	0.8545
369.600	182.90	9.00	193.00	51.10	0.9554	0.7816	0.8598
368.600	183.91	9.00	194.00	50.09	0.9557	0.7859	0.8625
362.600	184.91	9.00	195.00	49.09	0.9559	0.7902	0.8652
361.600	185.91	9.00	196.00	48.09	0.9561	0.7945	0.8678
360.600	186.91	9.00	197.00	47.09	0.9563	0.7988	0.8705
354.600	187.92	9.00	198.00	46.08	0.9565	0.8031	0.8731
336.990	188.92	9.00	199.00	45.08	0.9567	0.8073	0.8757
336.600	189.92	9.00	200.00	44.08	0.9569	0.8116	0.8783
335.020	190.92	9.00	202.00	43.08	0.9573	0.8159	0.8810
334.600	191.92	9.00	203.00	42.08	0.9575	0.8202	0.8836
331.600	192.93	9.00	204.00	41.07	0.9577	0.8245	0.8861
322.600	194.93	9.00	206.00	39.07	0.9581	0.8330	0.8912
314.600	195.93	9.00	207.00	38.07	0.9583	0.8373	0.8938
306.600	196.94	9.00	208.00	37.06	0.9585	0.8416	0.8963
300.600	197.94	9.00	209.00	36.06	0.9587	0.8459	0.8988
298.020	198.94	9.00	211.00	35.06	0.9591	0.8502	0.9014
296.600	199.94	9.00	212.00	34.06	0.9593	0.8545	0.9038
278.600	200.94	9.00	213.00	33.06	0.9595	0.8587	0.9063
276.600	202.95	9.00	215.00	31.05	0.9598	0.8673	0.9112
271.600	203.95	9.00	216.00	30.05	0.9600	0.8716	0.9137
263.600	204.95	9.00	217.00	29.05	0.9602	0.8759	0.9161
262.600	205.96	9.00	218.00	28.04	0.9604	0.8802	0.9185
251.600	206.96	9.00	219.00	27.04	0.9605	0.8844	0.9209
241.600	207.96	9.00	220.00	26.04	0.9607	0.8887	0.9233
226.600	208.96	9.00	221.00	25.04	0.9609	0.8930	0.9257
223.600	209.96	9.00	222.00	24.04	0.9610	0.8973	0.9281
214.600	210.97	9.00	223.00	23.03	0.9612	0.9016	0.9304
199.600	211.97	9.00	224.00	22.03	0.9614	0.9059	0.9328
192.600	212.97	9.00	225.00	21.03	0.9615	0.9101	0.9351
191.600	213.97	9.00	226.00	20.03	0.9617	0.9144	0.9375
184.600	214.98	9.00	227.00	19.02	0.9619	0.9187	0.9398
182.600	215.98	9.00	228.00	18.02	0.9620	0.9230	0.9421
167.600	216.98	9.00	229.00	17.02	0.9622	0.9273	0.9444
159.600	217.98	9.00	230.00	16.02	0.9623	0.9315	0.9467
152.600	218.98	9.00	231.00	15.02	0.9625	0.9358	0.9490
142.600	219.99	9.00	232.00	14.01	0.9627	0.9401	0.9513
140.600	220.99	9.00	233.00	13.01	0.9628	0.9444	0.9535
135.600	221.99	9.00	234.00	12.01	0.9630	0.9487	0.9558
113.600	222.99	9.00	235.00	11.01	0.9631	0.9530	0.9580
111.600	224.00	9.00	236.00	10.00	0.9633	0.9572	0.9602
107.600	225.00	9.00	237.00	9.00	0.9634	0.9615	0.9625
83.600	226.00	9.00	238.00	8.00	0.9636	0.9658	0.9647
